44.26,18.09186828136444,0.5166666666666667,0.9959266802443992,1.0,0.7549668874172185,nan,0.987220447284345,0.1718005133846718,0.8932853717026379,0.5393794749403341,0.8998849252013809,0.031,0.489,0.001,0.228,0.0,0.309,0.937,0.745,0.904,0.782
78.09,10.839849352836609,0.7979274611398963,0.8818181818181818,0.6597633136094675,0.8357705286839145,0.7667682926829268,0.8723872387238724,0.48375768217734855,0.7811475409836065,0.8349261511728931,0.9362591431556949,0.77,0.97,0.669,0.743,0.503,0.793,0.551,0.953,0.961,0.896
76.67,11.930928707122803,0.8817733990147784,0.9477317554240631,0.7697368421052632,0.6897637795275591,0.5818713450292398,0.955952380952381,0.40421263791374124,0.8322869955156951,0.8433945756780402,0.8986486486486487,0.537,0.961,0.468,0.876,0.796,0.803,0.403,0.928,0.964,0.931
76.31,12.113232493400574,0.7127753303964758,0.9810326659641728,0.651060070671378,0.6534722222222222,0.7284345047923323,0.9832635983263598,0.7554179566563467,0.8376237623762376,0.6772853185595568,0.803921568627451,0.809,0.931,0.737,0.941,0.456,0.705,0.244,0.846,0.978,0.984
84.38,4.438982784748077,0.807035175879397,0.9795918367346939,0.7974537037037037,0.8420533070088845,0.7030981067125646,0.9105769230769231,0.6059322033898306,0.9188640973630832,0.9415841584158415,0.9343936381709742,0.803,0.96,0.689,0.853,0.817,0.947,0.572,0.906,0.951,0.94
82.68,7.96581906080246,0.7011308562197092,0.9904661016949152,0.7492682926829268,0.7406793703396851,0.7122774133083412,0.9801864801864801,0.703921568627451,0.8755980861244019,0.9466403162055336,0.886654478976234,0.868,0.935,0.768,0.894,0.76,0.841,0.359,0.915,0.958,0.97
53.16,18.73484706878662,0.9060773480662984,0.9403606102635229,0.8745387453874539,0.5051671732522797,0.5882990249187432,0.9813333333333333,0.48607888631090485,0.9243697478991597,0.2614965986394558,0.8032473734479465,0.328,0.678,0.237,0.831,0.543,0.368,0.419,0.11,0.961,0.841
85.5,4.142990529537201,0.7526041666666666,0.965034965034965,0.7682570593963,0.8801261829652997,0.7291479820627803,0.9512690355329949,0.6968838526912181,0.9174041297935103,0.9359844810863239,0.9369458128078818,0.867,0.966,0.789,0.837,0.813,0.937,0.492,0.933,0.965,0.951
60.4,20.09201717376709,0.7174975562072337,0.8135313531353136,0.5350624399615754,0.6151053013798112,0.44756554307116103,0.9589371980676329,0.7238805970149254,0.6882591093117408,0.35353535353535354,0.8191214470284238,0.734,0.493,0.557,0.847,0.239,0.397,0.097,0.85,0.875,0.951
84.32,6.096223890781403,0.780952380952381,0.9926547743966422,0.7626310772163966,0.7443910256410257,0.7296058661778185,0.9905548996458088,0.7746478873239436,0.8441674087266251,0.9324975891996142,0.9158607350096711,0.82,0.946,0.8,0.929,0.796,0.839,0.44,0.948,0.967,0.947
67.09,19.493183732032776,0.8536585365853658,0.9639934533551555,0.7262638717632552,0.4897959183673469,0.49870466321243523,0.9738805970149254,0.4568106312292359,0.8905882352941177,0.5681124007330483,0.920995670995671,0.49,0.589,0.589,0.936,0.77,0.522,0.275,0.757,0.93,0.851
82.32,9.588646173477173,0.6962323390894819,0.9955654101995566,0.6988879384088965,0.7182879377431907,0.7710982658959538,0.983510011778563,0.76431718061674,0.8301886792452831,0.9194630872483222,0.9375629405840886,0.887,0.898,0.817,0.923,0.667,0.835,0.347,0.968,0.959,0.931
78.4,16.487728595733643,0.7497683039851715,0.9959239130434783,0.7164634146341463,0.6392629340892984,0.5964539007092199,0.9835443037974684,0.8101694915254237,0.8677606177606177,0.8666069829901522,0.8467600700525394,0.809,0.733,0.705,0.902,0.841,0.777,0.239,0.899,0.968,0.967
85.28,6.069706201553345,0.8197916666666667,0.9926854754440961,0.7712355212355212,0.7373817034700315,0.7922222222222223,0.9746568109820486,0.6658795749704841,0.893796992481203,0.9422135161606269,0.944,0.787,0.95,0.799,0.935,0.713,0.923,0.564,0.951,0.962,0.944
81.57,12.867818355560303,0.8622386223862238,0.9912280701754386,0.633357825128582,0.7495840266222962,0.7913950456323338,0.9857988165680474,0.6040955631399317,0.9229946524064171,0.8824593128390597,0.8296610169491525,0.701,0.904,0.862,0.901,0.607,0.833,0.531,0.863,0.976,0.979
83.26,10.918659448623657,0.7995910020449898,0.9915522703273495,0.7413308341143393,0.7048689138576779,0.7280296022201665,0.9937578027465668,0.7695238095238095,0.838737949167397,0.916195856873823,0.8993414863593603,0.782,0.939,0.791,0.941,0.787,0.796,0.404,0.957,0.973,0.956
84.18,12.027788400650024,0.8410372040586246,0.9905759162303664,0.7641129032258065,0.8045112781954887,0.6718628215120811,0.9872979214780601,0.6529126213592233,0.8513986013986014,0.9645390070921985,0.9328657314629258,0.746,0.946,0.758,0.856,0.862,0.855,0.538,0.974,0.952,0.931
86.12,6.699667930603027,0.8050930460333007,0.9907120743034056,0.8039624608967675,0.7936786654960492,0.734982332155477,0.9747102212855637,0.7342657342657343,0.8991517436380773,0.9251893939393939,0.9429429429429429,0.822,0.96,0.771,0.904,0.832,0.925,0.525,0.954,0.977,0.942
82.62,13.919527649879456,0.841743119266055,0.9782608695652174,0.7360594795539034,0.6988847583643123,0.7919293820933165,0.9827586206896551,0.647196261682243,0.7912,0.900093370681606,0.9556048834628191,0.734,0.945,0.792,0.94,0.628,0.855,0.554,0.989,0.964,0.861
86.45,6.423923134803772,0.8547854785478548,0.9917269906928645,0.7862001943634597,0.7691666666666667,0.7595419847328244,0.9790136411332634,0.7107843137254902,0.9077946768060836,0.9452054794520548,0.9432270916334662,0.777,0.959,0.809,0.923,0.796,0.933,0.58,0.955,0.966,0.947
85.25,7.979075253009796,0.7573913043478261,0.984646878198567,0.7079573420836751,0.7884451996601529,0.8233861144945189,0.9865319865319865,0.7483660130718954,0.8908582089552238,0.9346781940441883,0.9230769230769231,0.871,0.962,0.863,0.928,0.676,0.879,0.458,0.955,0.973,0.96
86.08,6.277058184146881,0.8195876288659794,0.9897330595482546,0.8028747433264887,0.754885993485342,0.7197290431837426,0.9788806758183738,0.768621236133122,0.9099616858237548,0.9400966183574879,0.9399606299212598,0.795,0.964,0.782,0.927,0.85,0.927,0.485,0.95,0.973,0.955
87.07,3.5831448137760162,0.8549618320610687,0.9866939611054247,0.7401032702237521,0.8447789275634995,0.8032258064516129,0.9712230215827338,0.684322033898305,0.9137931034482759,0.964859437751004,0.9537223340040242,0.784,0.964,0.86,0.898,0.747,0.945,0.646,0.954,0.961,0.948
71.57,18.022043108940125,0.7454545454545455,0.9747675962815405,0.84375,0.6050257731958762,0.5617577197149644,0.9806547619047619,0.5793758480325645,0.6755102040816326,0.6066411238825032,0.9037372593431483,0.779,0.734,0.405,0.939,0.473,0.659,0.427,0.993,0.95,0.798
86.04,5.816957116127014,0.8082595870206489,0.9886831275720165,0.723874256584537,0.7730318257956449,0.7900207900207901,0.9878987898789879,0.7695783132530121,0.8954248366013072,0.9553571428571429,0.9307992202729045,0.822,0.961,0.852,0.923,0.76,0.898,0.511,0.959,0.963,0.955
85.56,7.226131737232208,0.7928098391674551,0.9867482161060143,0.7179269328802039,0.7819103972950127,0.7446808510638298,0.985792349726776,0.808641975308642,0.8928238583410997,0.9481915933528837,0.9296875,0.838,0.968,0.845,0.925,0.805,0.902,0.393,0.958,0.97,0.952
79.04,16.48309636116028,0.7945891783567134,0.9305962854349951,0.5455704270235819,0.7242765273311897,0.7351190476190477,0.9899244332493703,0.7360515021459227,0.7565084226646248,0.9244357212953876,0.933993399339934,0.793,0.952,0.856,0.901,0.494,0.786,0.343,0.988,0.942,0.849
87.76,3.510936051607132,0.7916666666666666,0.9798387096774194,0.7820754716981132,0.889344262295082,0.7703081232492998,0.9620758483033932,0.7532808398950132,0.9248780487804878,0.953125,0.9613821138211383,0.874,0.972,0.829,0.868,0.825,0.964,0.574,0.948,0.976,0.946
86.16,7.289259910583496,0.8610478359908884,0.9835560123329907,0.7719132893496701,0.8063943161634103,0.7718780727630286,0.9869706840390879,0.677639046538025,0.8869485294117647,0.9242424242424242,0.944944944944945,0.756,0.957,0.819,0.908,0.785,0.909,0.597,0.965,0.976,0.944
80.44,15.844956278800964,0.7371273712737128,0.9901356350184957,0.6634304207119741,0.6590584878744651,0.72579001019368,0.9885189437428243,0.7534883720930232,0.7901037509976058,0.9280855199222546,0.9534090909090909,0.816,0.803,0.82,0.924,0.712,0.861,0.324,0.99,0.955,0.839
85.66,9.702976107597351,0.7463706233988044,0.9876160990712074,0.790273556231003,0.8273645546372819,0.7177280550774526,0.9909808342728298,0.7661016949152543,0.8984007525870179,0.9463937621832359,0.9119318181818182,0.874,0.957,0.78,0.901,0.834,0.879,0.452,0.955,0.971,0.963
85.64,11.144562363624573,0.7782805429864253,0.9796334012219959,0.6822429906542056,0.8453410182516811,0.7841163310961968,0.9890230515916575,0.7411242603550295,0.8985102420856611,0.9526627218934911,0.9342492639842983,0.86,0.962,0.876,0.88,0.701,0.901,0.501,0.965,0.966,0.952
85.47,11.041959404945374,0.8266806722689075,0.9865005192107996,0.7633302151543498,0.7712854757929883,0.7627118644067796,0.9930475086906141,0.7091136079900124,0.8530434782608696,0.9573412698412699,0.9405840886203424,0.787,0.95,0.816,0.924,0.765,0.857,0.568,0.981,0.965,0.934
86.43,6.317533314228058,0.7749562171628721,0.9877175025588536,0.7690086621751684,0.873,0.6834477498093059,0.990185387131952,0.825426944971537,0.8919667590027701,0.9679358717434869,0.9443339960238568,0.885,0.965,0.799,0.873,0.896,0.908,0.435,0.966,0.966,0.95
77.92,17.086578249931335,0.8941717791411042,0.9612903225806452,0.7559748427672957,0.6579710144927536,0.6268781302170284,0.9861431870669746,0.5853080568720379,0.7364513734224202,0.8045112781954887,0.9506953223767383,0.583,0.894,0.601,0.908,0.751,0.854,0.494,0.992,0.963,0.752
88.14,3.3856721818447113,0.8012999071494893,0.9818181818181818,0.8174523570712137,0.8852791878172589,0.793974732750243,0.9726166328600405,0.7090301003344481,0.9305962854349951,0.9586614173228346,0.954,0.863,0.972,0.815,0.872,0.817,0.959,0.636,0.952,0.974,0.954
86.83,6.896065950393677,0.793233082706767,0.9798183652875883,0.8081918081918081,0.806282722513089,0.7932790224032586,0.9810326659641728,0.7139141742522757,0.9201557935735151,0.9373795761078998,0.9273959341723137,0.844,0.971,0.809,0.924,0.779,0.931,0.549,0.945,0.973,0.958
85.55,12.247005343437195,0.8136272545090181,0.9895397489539749,0.8204264870931538,0.7758037225042301,0.7079722703639515,0.988056460369164,0.6968152866242038,0.8827772768259693,0.939922480620155,0.9526748971193416,0.812,0.946,0.731,0.917,0.817,0.91,0.547,0.979,0.97,0.926
87.66,5.334598809480667,0.8221574344023324,0.9867482161060143,0.8322649572649573,0.8261261261261261,0.7595048629531388,0.9871382636655949,0.7400990099009901,0.8944444444444445,0.9679679679679679,0.9516616314199395,0.846,0.968,0.779,0.917,0.859,0.921,0.598,0.966,0.967,0.945
86.69,7.7395172119140625,0.743973399833749,0.9897435897435898,0.8331515812431843,0.847457627118644,0.7045636509207366,0.9841269841269841,0.7954144620811288,0.8939114391143912,0.956820412168793,0.9601634320735445,0.895,0.965,0.764,0.9,0.88,0.93,0.451,0.969,0.975,0.94
87.72,6.459726810455322,0.7908025247971145,0.9847870182555781,0.7768744354110207,0.8491096532333646,0.8021760633036598,0.9881209503239741,0.7793696275071633,0.8861566484517304,0.9606299212598425,0.9562118126272913,0.877,0.971,0.86,0.906,0.811,0.915,0.544,0.973,0.976,0.939
87.06,6.840424954891205,0.8395833333333333,0.9907407407407407,0.8293991416309013,0.7994791666666666,0.7540687160940326,0.9891304347826086,0.7046750285062714,0.8921658986175115,0.9697885196374623,0.9471585244267199,0.806,0.963,0.773,0.921,0.834,0.91,0.618,0.968,0.963,0.95
78.41,18.060101985931396,0.8348045397225725,0.986159169550173,0.6175040518638574,0.6224899598393574,0.6989374262101535,0.9642105263157895,0.635343618513324,0.7638780297107115,0.8999028182701652,0.9672544080604534,0.662,0.855,0.762,0.93,0.592,0.916,0.453,0.977,0.926,0.768
88.19,3.336408019065857,0.8,0.9868020304568528,0.7942583732057417,0.8485130111524164,0.7675478577939836,0.9763860369609856,0.801762114537445,0.9114043355325165,0.9682539682539683,0.9681397738951696,0.88,0.972,0.83,0.913,0.842,0.951,0.546,0.967,0.976,0.942
88.58,3.2217965126037598,0.8313725490196079,0.9848178137651822,0.7803308823529411,0.8689320388349514,0.8122448979591836,0.9662027833001988,0.7418981481481481,0.9441117764471058,0.9588638589618022,0.958041958041958,0.848,0.973,0.849,0.895,0.796,0.972,0.641,0.946,0.979,0.959
85.21,12.818483591079712,0.8278688524590164,0.9804123711340206,0.7687007874015748,0.7758913412563667,0.7423371647509579,0.9910813823857302,0.7148703956343793,0.8559027777777778,0.9034038638454461,0.9619852164730729,0.808,0.951,0.781,0.914,0.775,0.889,0.524,0.986,0.982,0.911
88.1,5.754144370555878,0.8419452887537994,0.9907407407407407,0.8110552763819096,0.8531073446327684,0.7656940760389036,0.9882854100106496,0.737410071942446,0.9001865671641791,0.963402571711177,0.9578736208625878,0.831,0.963,0.807,0.906,0.866,0.928,0.615,0.965,0.974,0.955
82.41,16.65050220489502,0.8043478260869565,0.9868565169769989,0.711662075298439,0.8059558117195005,0.6338259441707718,0.9815016322089227,0.6430348258706468,0.8145695364238411,0.9695378151260504,0.9561797752808989,0.777,0.901,0.775,0.839,0.772,0.902,0.517,0.984,0.923,0.851
88.49,3.2251788675785065,0.8484231943031536,0.9887869520897044,0.7692998204667864,0.852165725047081,0.8083588175331294,0.9746192893401016,0.745920745920746,0.9337231968810916,0.9625615763546798,0.9597989949748744,0.834,0.97,0.857,0.905,0.793,0.96,0.64,0.958,0.977,0.955
87.96,6.14619117975235,0.7978142076502732,0.9867617107942973,0.772972972972973,0.8605313092979127,0.8098159509202454,0.986228813559322,0.7654155495978552,0.8987108655616943,0.9541463414634146,0.9600818833162743,0.876,0.969,0.858,0.907,0.792,0.931,0.571,0.976,0.978,0.938
82.11,16.894850850105286,0.7738693467336684,0.972310969116081,0.7862857142857143,0.7814258911819888,0.653270291568164,0.9839816933638444,0.6298136645962733,0.8029315960912052,0.9194630872483222,0.9558498896247241,0.77,0.913,0.688,0.833,0.829,0.86,0.507,0.986,0.959,0.866
88.33,5.228967726230621,0.8132075471698114,0.9818731117824774,0.7909604519774012,0.8976458546571137,0.7504273504273504,0.9845201238390093,0.7681564245810056,0.9311348205625606,0.9634748272458046,0.9524281466798811,0.862,0.975,0.84,0.877,0.878,0.954,0.55,0.96,0.976,0.961
83.62,14.9727064371109,0.8077731092436975,0.9821052631578947,0.6778846153846154,0.6841721371261853,0.7123152709359606,0.9727463312368972,0.7899343544857768,0.9165067178502879,0.963855421686747,0.9349753694581281,0.769,0.933,0.846,0.938,0.723,0.928,0.361,0.955,0.96,0.949
87.74,5.755482375621796,0.8080524344569289,0.9848178137651822,0.8103277060575969,0.8540284360189574,0.7251223491027733,0.9893276414087513,0.796875,0.9030754892823858,0.9653121902874133,0.954864593781344,0.863,0.973,0.816,0.901,0.889,0.927,0.51,0.969,0.974,0.952
85.74,12.103492498397827,0.7845719661335842,0.9884937238493724,0.7148829431438127,0.7976723366159355,0.7522658610271903,0.9782383419689119,0.7484276729559748,0.9098591549295775,0.9475728155339805,0.9570990806945863,0.834,0.945,0.855,0.891,0.747,0.944,0.476,0.969,0.976,0.937
86.75,10.509955406188965,0.7835888187556357,0.9896800825593395,0.798155737704918,0.8614157527417746,0.6981585268214572,0.984375,0.7354651162790697,0.9086672879776329,0.97,0.9619732785200411,0.869,0.959,0.779,0.864,0.872,0.945,0.506,0.975,0.97,0.936
86.74,10.852331161499023,0.8033866415804327,0.9896373056994818,0.7809152872444012,0.8291550603528319,0.7141659681475272,0.9862869198312236,0.7470059880239521,0.9084967320261438,0.968968968968969,0.9534883720930233,0.854,0.955,0.802,0.893,0.852,0.935,0.499,0.973,0.968,0.943
83.08,16.082817792892456,0.7980582524271844,0.9903743315508021,0.6536697247706422,0.833852544132918,0.658493870402802,0.9864559819413092,0.7277147487844409,0.816006600660066,0.9725609756097561,0.9544962080173348,0.822,0.926,0.855,0.803,0.752,0.874,0.449,0.989,0.957,0.881
88.97,3.163329392671585,0.8366533864541833,0.9818731117824774,0.8530954879328436,0.8548539114043355,0.8112094395280236,0.9662027833001988,0.708768267223382,0.941699604743083,0.9720837487537388,0.9647532729103726,0.84,0.975,0.813,0.907,0.825,0.972,0.679,0.953,0.975,0.958
85.8,12.809052109718323,0.7951923076923076,0.9836065573770492,0.7511394712853237,0.805183199285076,0.7490079365079365,0.9890948745910578,0.7184466019417476,0.8890925756186985,0.9403272377285852,0.9485887096774194,0.827,0.96,0.824,0.901,0.755,0.907,0.518,0.97,0.977,0.941
88.78,5.455550312995911,0.8075506445672191,0.9838220424671386,0.8286573146292585,0.8652007648183556,0.8021547502448579,0.9885773624091381,0.7497005988023953,0.9226361031518625,0.960668633235005,0.9579158316633266,0.877,0.973,0.827,0.905,0.819,0.952,0.626,0.966,0.977,0.956
87.15,9.931351065635681,0.8354037267080745,0.986639260020555,0.7817836812144212,0.788034188034188,0.7502312673450509,0.9793601651186791,0.7453083109919572,0.9152542372881356,0.972027972027972,0.9621676891615542,0.807,0.96,0.824,0.922,0.811,0.949,0.556,0.972,0.973,0.941
89.02,3.1158351004123688,0.8141025641025641,0.9887983706720977,0.7975632614807873,0.885685884691849,0.8331562167906482,0.9729458917835672,0.7323628219484882,0.9454365079365079,0.9663699307616221,0.9590818363273453,0.889,0.971,0.851,0.891,0.784,0.971,0.654,0.953,0.977,0.961
85.29,13.262410521507263,0.8488636363636364,0.9834881320949432,0.7018683996750609,0.8253676470588235,0.84375,0.9802083333333333,0.5926940639269407,0.930460333006856,0.9475728155339805,0.9363992172211351,0.747,0.953,0.864,0.898,0.594,0.941,0.649,0.95,0.976,0.957
86.16,10.512033820152283,0.7581755593803786,0.9916926272066459,0.7609090909090909,0.8118811881188119,0.7281728172817282,0.9892008639308856,0.7915904936014625,0.888283378746594,0.9670658682634731,0.9580348004094166,0.881,0.955,0.837,0.902,0.809,0.916,0.433,0.978,0.969,0.936
88.53,5.600499093532562,0.8019981834695731,0.9828456104944501,0.8355739400206825,0.8940936863543788,0.7466216216216216,0.9865424430641822,0.7539267015706806,0.9219790675547098,0.9720837487537388,0.9616548940464178,0.883,0.974,0.808,0.878,0.884,0.953,0.576,0.969,0.975,0.953
85.63,13.033860206604004,0.788159111933395,0.9722222222222222,0.7596685082872928,0.7580246913580246,0.7430488974113135,0.9860813704496788,0.767402376910017,0.8928571428571429,0.951819075712881,0.956745623069001,0.852,0.945,0.825,0.921,0.775,0.921,0.452,0.975,0.968,0.929
88.42,5.871127605438232,0.8107109879963066,0.9828456104944501,0.8063241106719368,0.8970133882595263,0.740989103101425,0.9855670103092784,0.7675675675675676,0.9189443920829407,0.9720558882235529,0.9682702149437052,0.878,0.974,0.816,0.871,0.884,0.956,0.568,0.975,0.974,0.946
85.24,13.050860524177551,0.8115079365079365,0.9832635983263598,0.694136291600634,0.7641666666666667,0.7533960292580982,0.9850586979722519,0.7729549248747913,0.8792486583184258,0.9536031589338598,0.9652631578947368,0.818,0.94,0.876,0.917,0.721,0.923,0.463,0.983,0.966,0.917
89.04,3.088769644498825,0.8219306466729147,0.9829317269076305,0.8199802176063303,0.8942598187311178,0.8365384615384616,0.972,0.7197049525816649,0.9461077844311377,0.9461020211742059,0.9553128103277061,0.877,0.979,0.829,0.888,0.783,0.972,0.683,0.948,0.983,0.962
81.26,17.769375562667847,0.7983453981385729,0.9349173553719008,0.6420807453416149,0.7861060329067642,0.6895388076490439,0.9849187935034803,0.6291390728476821,0.8334749362786746,0.9110251450676983,0.9337474120082816,0.772,0.905,0.827,0.86,0.613,0.849,0.475,0.981,0.942,0.902
89.19,4.100315660238266,0.8408644400785854,0.9867886178861789,0.8168462291870715,0.8884501480750246,0.8192651439920556,0.983640081799591,0.7154989384288747,0.930635838150289,0.9692154915590864,0.9627016129032258,0.856,0.971,0.834,0.9,0.825,0.962,0.674,0.966,0.976,0.955
85.54,12.604927778244019,0.8111332007952287,0.9945770065075922,0.7404444444444445,0.7554655870445344,0.7591312931885489,0.989010989010989,0.7276657060518732,0.8761140819964349,0.9632936507936508,0.960621761658031,0.816,0.917,0.833,0.933,0.769,0.9,0.505,0.983,0.971,0.927
86.83,9.773878753185272,0.8074003795066413,0.9886246122026887,0.8346028291621328,0.8189189189189189,0.7030744336569579,0.990343347639485,0.7254901960784313,0.8921124206708976,0.9739217652958877,0.9659090909090909,0.851,0.956,0.767,0.909,0.869,0.923,0.518,0.984,0.971,0.935
86.39,11.323913335800171,0.7790492957746479,0.9886363636363636,0.7797101449275362,0.8234758871701547,0.7082294264339152,0.9902386117136659,0.7906137184115524,0.8720211827007943,0.971028971028971,0.9715489989462592,0.885,0.957,0.807,0.905,0.852,0.913,0.438,0.988,0.972,0.922
86.57,10.367352604866028,0.7773882559158632,0.9886246122026887,0.8,0.8631368631368631,0.6817120622568094,0.9842767295597484,0.7536466774716369,0.9081632653061225,0.9624505928853755,0.965979381443299,0.887,0.956,0.78,0.864,0.876,0.939,0.465,0.979,0.974,0.937
87.65,8.636063992977142,0.8166986564299424,0.9876796714579056,0.7947470817120622,0.8487155090390105,0.7636363636363637,0.9843912591050988,0.7280701754385965,0.8951686417502279,0.971,0.9726027397260274,0.851,0.962,0.817,0.892,0.84,0.946,0.581,0.982,0.971,0.923
86.83,11.591386079788208,0.7998163452708907,0.9927083333333333,0.7872549019607843,0.865055387713998,0.7132231404958678,0.9832810867293625,0.7464183381088825,0.890497737556561,0.9512670565302144,0.9681528662420382,0.871,0.953,0.803,0.859,0.863,0.941,0.521,0.984,0.976,0.912
89.43,3.0167272984981537,0.8016085790884718,0.9908256880733946,0.846233230134159,0.8921078921078921,0.8054511278195489,0.9758308157099698,0.7491207502930832,0.937015503875969,0.973026973026973,0.9675785207700102,0.897,0.972,0.82,0.893,0.857,0.969,0.639,0.967,0.974,0.955
80.28,18.536373496055603,0.7898022892819979,0.9515151515151515,0.7377377377377378,0.7884796978281398,0.6591304347826087,0.9801169590643275,0.6013986013986014,0.7346182357301705,0.9053916581892166,0.957286432160804,0.759,0.942,0.737,0.835,0.758,0.838,0.516,0.991,0.89,0.762
85.35,14.4080331325531,0.7852534562211981,0.989451476793249,0.7084357084357085,0.7762711864406779,0.7463837994214079,0.9819724284199364,0.7781885397412199,0.8641542506573181,0.9804727646454265,0.9699248120300752,0.852,0.938,0.865,0.916,0.774,0.926,0.421,0.986,0.954,0.903
87.13,12.062859892845154,0.8187984496124031,0.9906347554630593,0.8136125654450261,0.8218181818181818,0.7479674796747967,0.9892818863879957,0.7198067632850241,0.8949771689497716,0.9596456692913385,0.9588900308324769,0.845,0.952,0.777,0.904,0.828,0.923,0.596,0.98,0.975,0.933
87.64,9.034389674663544,0.7924528301886793,0.9927310488058152,0.7884057971014493,0.8249551166965888,0.7744075829383886,0.9853709508881923,0.7619718309859155,0.912067352666043,0.9691235059760956,0.9612244897959183,0.882,0.956,0.816,0.919,0.817,0.943,0.541,0.975,0.973,0.942
81.92,17.22769796848297,0.7488789237668162,0.9137104506232023,0.6627816627816627,0.8248756218905473,0.7071269487750557,0.9833333333333333,0.7328646748681898,0.841876629018245,0.9337944664031621,0.8611111111111112,0.835,0.953,0.853,0.829,0.635,0.826,0.417,0.969,0.945,0.93
85.27,14.76578414440155,0.7806859205776173,0.9571286141575274,0.7112387202625102,0.8401559454191033,0.762641898864809,0.9898534385569335,0.7634920634920634,0.8732014388489209,0.9273422562141491,0.934,0.865,0.96,0.867,0.862,0.739,0.878,0.481,0.971,0.97,0.934
88.94,3.167207568883896,0.8135904499540864,0.9828973843058351,0.7491554054054054,0.882865440464666,0.8232217573221757,0.9787018255578094,0.7983539094650206,0.9300766283524904,0.9692154915590864,0.9723926380368099,0.886,0.977,0.887,0.912,0.787,0.965,0.582,0.971,0.976,0.951
87.14,10.412124752998352,0.7508305647840532,0.9846311475409836,0.77088948787062,0.8492366412213741,0.7744075829383886,0.986272439281943,0.7877758913412564,0.8988040478380864,0.9662698412698413,0.9609455292908531,0.904,0.961,0.858,0.89,0.817,0.934,0.464,0.977,0.974,0.935
84.06,14.746840715408325,0.7579399141630901,0.9773429454170958,0.7358834244080146,0.8200562324273665,0.6297653958944281,0.9889746416758545,0.8117647058823529,0.8810810810810811,0.9578313253012049,0.9439918533604889,0.883,0.949,0.808,0.875,0.859,0.897,0.276,0.978,0.954,0.927
86.16,12.700096607208252,0.7644521138912856,0.9904661016949152,0.7616865261228231,0.788034188034188,0.7705078125,0.9912758996728462,0.7779661016949152,0.885766092475068,0.9576354679802955,0.9483282674772037,0.886,0.935,0.831,0.922,0.789,0.909,0.459,0.977,0.972,0.936
78.46,18.25982129573822,0.7008281573498965,0.907088122605364,0.5881929445644348,0.7690166975881262,0.6243602865916069,0.9723502304147466,0.7030567685589519,0.8458844133099825,0.8866474543707973,0.8784956605593057,0.677,0.947,0.817,0.829,0.61,0.844,0.322,0.966,0.923,0.911
86.17,12.797040939331055,0.7821428571428571,0.9816138917262512,0.714872637633525,0.8489835430784124,0.7630522088353414,0.990174672489083,0.7550702028081123,0.8789237668161435,0.9623762376237623,0.9558067831449126,0.876,0.961,0.87,0.877,0.76,0.907,0.484,0.98,0.972,0.93
88.38,7.318397402763367,0.7991031390134529,0.9858012170385395,0.7783832879200726,0.8661567877629063,0.7913043478260869,0.9865424430641822,0.7769886363636364,0.9130841121495327,0.9701492537313433,0.9681069958847737,0.891,0.972,0.857,0.906,0.819,0.953,0.547,0.977,0.975,0.941
89.17,4.496684491634369,0.8119266055045872,0.9888438133874239,0.8228228228228228,0.8858267716535433,0.8026565464895635,0.9815950920245399,0.7529691211401425,0.9247619047619048,0.9711155378486056,0.9673802242609582,0.885,0.975,0.822,0.9,0.846,0.96,0.634,0.971,0.975,0.949
89.6,3.022295117378235,0.8127272727272727,0.9898477157360406,0.8122605363984674,0.8913894324853229,0.8225324027916251,0.9807106598984772,0.763095238095238,0.933589990375361,0.975975975975976,0.9715157680569685,0.894,0.975,0.848,0.911,0.825,0.966,0.641,0.97,0.975,0.955
81.05,16.719462037086487,0.7680157946692991,0.9541375872382851,0.5985155195681512,0.8306288032454361,0.6394686907020873,0.9684542586750788,0.7672634271099744,0.8414738646101114,0.8734655335221907,0.9642058165548099,0.778,0.957,0.887,0.819,0.674,0.921,0.3,0.982,0.925,0.862
88.02,7.418763101100922,0.8008968609865471,0.9867751780264497,0.7944015444015444,0.8660886319845857,0.755120213713268,0.9875,0.7802037845705968,0.9055555555555556,0.9624876604146101,0.9658031088082901,0.893,0.97,0.823,0.899,0.848,0.948,0.536,0.978,0.975,0.932
88.11,7.8617817759513855,0.8176691729323309,0.9847870182555781,0.7945998071359691,0.8664717348927875,0.7695133149678605,0.9854771784232366,0.7406931964056482,0.9123951537744641,0.963402571711177,0.9670442842430484,0.87,0.971,0.824,0.889,0.838,0.95,0.577,0.979,0.974,0.939
85.25,14.602657437324524,0.8492239467849224,0.9793601651186791,0.699341021416804,0.8081081081081081,0.8056234718826406,0.9892357373519914,0.6592592592592592,0.8724534986713907,0.9299424184261037,0.964968152866242,0.766,0.949,0.849,0.897,0.659,0.919,0.623,0.985,0.969,0.909
89.15,4.13172122836113,0.8083182640144665,0.9888324873096447,0.797752808988764,0.8858267716535433,0.7887323943661971,0.9886128364389234,0.7859973579920739,0.9260663507109005,0.9779116465863453,0.9675456389452333,0.894,0.974,0.852,0.9,0.84,0.955,0.595,0.977,0.974,0.954
87.31,11.270349979400635,0.836,0.9797160243407708,0.7522123893805309,0.8468809073724007,0.8212669683257918,0.9894625922023182,0.7005464480874317,0.8865886588658866,0.9559255631733594,0.9682875264270613,0.836,0.966,0.85,0.896,0.726,0.939,0.641,0.985,0.976,0.916
86.98,11.736379504203796,0.813953488372093,0.9796334012219959,0.7860600193610843,0.8560079443892751,0.7591036414565826,0.9904357066950054,0.70260663507109,0.9005524861878453,0.9473684210526315,0.9550102249488752,0.84,0.962,0.812,0.862,0.813,0.932,0.593,0.978,0.972,0.934
88.86,5.718264639377594,0.8183520599250936,0.9828629032258065,0.8428270042194093,0.8852621167161226,0.7716324710080286,0.9845837615621789,0.7517985611510791,0.9244741873804971,0.9616519174041298,0.9575757575757575,0.874,0.975,0.799,0.895,0.865,0.958,0.627,0.967,0.978,0.948
87.63,10.712039828300476,0.8210116731517509,0.9816887080366226,0.7809878844361603,0.842843779232928,0.7962226640159046,0.9873684210526316,0.7277227722772277,0.8985374771480804,0.9504373177842566,0.965625,0.844,0.965,0.838,0.901,0.801,0.938,0.588,0.983,0.978,0.927
89.11,4.027546256780624,0.8173345759552656,0.9829145728643216,0.8401253918495298,0.8947895791583166,0.7715555555555556,0.9876288659793815,0.7568862275449102,0.9224952741020794,0.9683168316831683,0.9673135852911133,0.877,0.978,0.804,0.893,0.868,0.958,0.632,0.976,0.978,0.947
88.05,7.477453649044037,0.8045871559633028,0.9817629179331308,0.7971014492753623,0.8790322580645161,0.763063063063063,0.9865424430641822,0.7509881422924901,0.9075785582255084,0.9607843137254902,0.9697601668404588,0.877,0.969,0.825,0.872,0.847,0.953,0.57,0.982,0.98,0.93
89.57,2.981118232011795,0.8290598290598291,0.9858442871587462,0.8414141414141414,0.8809293320425944,0.8228855721393035,0.985655737704918,0.7323943661971831,0.9266666666666666,0.977,0.9694189602446484,0.873,0.975,0.833,0.91,0.827,0.962,0.676,0.973,0.977,0.951
89.12,3.965544819831848,0.8232514177693762,0.9858442871587462,0.8258258258258259,0.8753623188405797,0.7857793983591613,0.98559670781893,0.7676143386897404,0.9148737137511693,0.9711442786069652,0.9720785935884177,0.871,0.975,0.825,0.906,0.862,0.958,0.621,0.978,0.976,0.94
89.44,2.9870316982269287,0.8312559923298178,0.9838872104733132,0.7963133640552995,0.8770413064361191,0.8194726166328601,0.9857578840284842,0.760998810939358,0.9450441609421001,0.9731075697211156,0.9611940298507463,0.867,0.977,0.864,0.913,0.808,0.969,0.64,0.963,0.977,0.966
89.23,3.887517660856247,0.8565573770491803,0.9858442871587462,0.8058991436726927,0.8725868725868726,0.7982873453853473,0.9847094801223242,0.750285062713797,0.9242424242424242,0.9663699307616221,0.9722222222222222,0.836,0.975,0.847,0.904,0.839,0.966,0.658,0.976,0.977,0.945
86.69,11.62365984916687,0.8555917480998915,0.9815195071868583,0.7423043095866315,0.8330258302583026,0.7880658436213992,0.990301724137931,0.6808035714285714,0.8864864864864865,0.9585798816568047,0.9616182572614108,0.788,0.956,0.844,0.903,0.766,0.919,0.61,0.984,0.972,0.927
88.26,7.494392812252045,0.8223495702005731,0.9836734693877551,0.7941176470588235,0.8754940711462451,0.771559633027523,0.9854620976116303,0.7339108910891089,0.9140989729225023,0.973026973026973,0.9671457905544147,0.861,0.964,0.837,0.886,0.841,0.949,0.593,0.979,0.974,0.942
89.58,2.911033496260643,0.8381782945736435,0.9918781725888325,0.8263888888888888,0.8727272727272727,0.8259109311740891,0.9828109201213346,0.7320471596998929,0.9398058252427185,0.9730538922155688,0.9686234817813765,0.865,0.977,0.833,0.912,0.816,0.972,0.683,0.968,0.975,0.957
88.13,7.220898628234863,0.8060109289617486,0.9848024316109423,0.7729336966394187,0.891260162601626,0.7595978062157221,0.983640081799591,0.7662517289073306,0.9081632653061225,0.968222442899702,0.9757894736842105,0.885,0.972,0.851,0.877,0.831,0.962,0.554,0.979,0.975,0.927
88.89,5.869812428951263,0.814404432132964,0.9838709677419355,0.8078770413064361,0.8660968660968661,0.8070866141732284,0.9845360824742269,0.7654476670870114,0.9131652661064426,0.9635467980295567,0.9730848861283644,0.882,0.976,0.841,0.912,0.82,0.955,0.607,0.978,0.978,0.94
83.82,15.227942824363708,0.8102345415778252,0.9561671763506626,0.6828087167070218,0.8060384263494969,0.7523474178403756,0.9878721058434399,0.6569086651053864,0.8827772768259693,0.9105461393596986,0.9461139896373058,0.76,0.938,0.846,0.881,0.641,0.896,0.561,0.979,0.967,0.913
89.7,2.935690239071846,0.8302063789868668,0.9888324873096447,0.8233562315996075,0.8895405669599218,0.8277268093781855,0.9837728194726166,0.7450331125827815,0.9381044487427466,0.9654491609081934,0.9696048632218845,0.885,0.974,0.839,0.91,0.812,0.97,0.675,0.97,0.978,0.957
89.39,3.910991996526718,0.8250460405156538,0.9858299595141701,0.8220255653883972,0.8893280632411067,0.7732506643046945,0.9857142857142858,0.7837116154873164,0.9355149181905679,0.9664031620553359,0.9686234817813765,0.896,0.974,0.836,0.9,0.873,0.966,0.587,0.972,0.978,0.957
89.56,3.939136177301407,0.8365019011406845,0.9868287740628167,0.8236453201970443,0.876937984496124,0.7986829727187206,0.9857142857142858,0.7649880095923262,0.9337811900191939,0.9693069306930693,0.9705583756345177,0.88,0.974,0.836,0.905,0.849,0.966,0.638,0.973,0.979,0.956
89.52,3.9596934616565704,0.8407335907335908,0.9888324873096447,0.834349593495935,0.8875739644970414,0.7949673811742777,0.9856704196519959,0.7421875,0.9294566253574833,0.9731343283582089,0.9704383282364933,0.871,0.974,0.821,0.9,0.853,0.963,0.665,0.975,0.978,0.952
87.88,8.173749208450317,0.8093922651933702,0.9817444219066938,0.797270955165692,0.896551724137931,0.7390557939914163,0.9895287958115183,0.7526315789473684,0.8941176470588236,0.9654150197628458,0.9725738396624473,0.879,0.968,0.818,0.858,0.861,0.945,0.572,0.988,0.977,0.922
87.85,9.411555886268616,0.8205854579792257,0.984646878198567,0.7941747572815534,0.8553519768563163,0.7629151291512916,0.988517745302714,0.7346683354192741,0.9026629935720845,0.967196819085487,0.9698231009365245,0.869,0.962,0.818,0.887,0.827,0.947,0.587,0.983,0.973,0.932
87.55,10.88708508014679,0.8204393505253104,0.9766734279918864,0.7839388145315488,0.8251811594202898,0.7894221351616063,0.9863301787592008,0.7429305912596401,0.8959854014598541,0.9613478691774033,0.9646569646569647,0.859,0.963,0.82,0.911,0.806,0.938,0.578,0.982,0.97,0.928
84.05,15.27997374534607,0.7682445759368837,0.9306640625,0.7625968992248062,0.7666098807495741,0.7141509433962264,0.9753218884120172,0.7264705882352941,0.8567708333333334,0.9546827794561934,0.9488817891373802,0.779,0.953,0.787,0.9,0.757,0.909,0.494,0.987,0.948,0.891
86.49,13.467565417289734,0.827517447657029,0.9735772357723578,0.7965235173824131,0.8428158148505304,0.7686274509803922,0.9841269841269841,0.671578947368421,0.8824057450628366,0.942495126705653,0.9607635206786851,0.83,0.958,0.779,0.874,0.784,0.93,0.638,0.983,0.967,0.906
88.89,6.555096387863159,0.8056312443233424,0.9828282828282828,0.8115942028985508,0.8965863453815262,0.7697077059344553,0.9856704196519959,0.774018944519621,0.9184629803186504,0.9711155378486056,0.974012474012474,0.887,0.973,0.84,0.893,0.869,0.963,0.572,0.98,0.975,0.937
87.77,10.157190263271332,0.8097014925373134,0.9816700610997964,0.7572559366754618,0.8433962264150944,0.7822265625,0.9814814814814815,0.7735583684950773,0.916195856873823,0.9671641791044776,0.9641025641025641,0.868,0.964,0.861,0.894,0.801,0.954,0.55,0.973,0.972,0.94
85.26,15.023544430732727,0.7818352059925093,0.9494549058473737,0.7443130118289354,0.845309381237525,0.7132616487455197,0.960204081632653,0.7418879056047197,0.8846503178928247,0.9482071713147411,0.9565217391304348,0.835,0.958,0.818,0.847,0.796,0.941,0.503,0.974,0.952,0.902
89.52,4.174379199743271,0.8245125348189415,0.9760239760239761,0.8180019782393669,0.9130434782608695,0.7768959435626103,0.986734693877551,0.7739130434782608,0.9381642512077295,0.977,0.9677093844601413,0.888,0.977,0.827,0.882,0.881,0.967,0.623,0.971,0.977,0.959
89.5,4.376333564519882,0.8353948620361561,0.9868421052631579,0.8279352226720648,0.9039433771486349,0.7821782178217822,0.9837232960325534,0.7470997679814385,0.9364161849710982,0.9740518962075848,0.9686234817813765,0.878,0.975,0.818,0.894,0.869,0.967,0.644,0.972,0.976,0.957
82.34,16.021939873695374,0.7666666666666667,0.8609388839681134,0.6400911161731208,0.8433734939759037,0.7331701346389229,0.9442190669371197,0.7074010327022375,0.861646234676007,0.9134615384615384,0.9605263157894737,0.828,0.972,0.843,0.84,0.599,0.931,0.411,0.984,0.95,0.876
86.63,11.521023035049438,0.8267716535433071,0.9794871794871794,0.7621722846441947,0.8244485294117647,0.771539206195547,0.987152034261242,0.7236503856041131,0.8759964570416298,0.9400966183574879,0.9671610169491526,0.84,0.955,0.814,0.897,0.797,0.922,0.563,0.989,0.973,0.913
83.14,15.825709223747253,0.8087912087912088,0.9752155172413793,0.7523719165085389,0.7150663544106167,0.7610132158590308,0.984036488027366,0.6620370370370371,0.8355932203389831,0.9081439393939394,0.9479830148619958,0.736,0.905,0.793,0.916,0.691,0.863,0.572,0.986,0.959,0.893
88.56,6.73735898733139,0.823751178133836,0.9867886178861789,0.806483300589391,0.8636796949475691,0.7889207258834766,0.9915522703273495,0.7460510328068044,0.9123951537744641,0.9634387351778656,0.9645030425963489,0.874,0.971,0.821,0.906,0.826,0.939,0.614,0.979,0.975,0.951
89.33,4.555403828620911,0.8203703703703704,0.9858442871587462,0.8113570741097209,0.89738430583501,0.8140900195694716,0.9876543209876543,0.7523364485981309,0.9198868991517436,0.9664363277393879,0.971252566735113,0.886,0.975,0.843,0.892,0.832,0.96,0.644,0.976,0.979,0.946
89.56,2.931137293577194,0.8258003766478342,0.9858585858585859,0.8298714144411474,0.9035532994923858,0.8099331423113658,0.9778225806451613,0.7404921700223713,0.936046511627907,0.9730807577268196,0.967479674796748,0.877,0.976,0.839,0.89,0.848,0.97,0.662,0.966,0.976,0.952
80.89,17.038374185562134,0.789010989010989,0.9303000968054211,0.653012048192771,0.799625468164794,0.7092024539877301,0.9593147751605996,0.6466753585397653,0.8229342327150084,0.8221276595744681,0.9584775086505191,0.718,0.961,0.813,0.854,0.578,0.896,0.496,0.976,0.966,0.831
89.38,4.025311470031738,0.8620689655172413,0.9888324873096447,0.824773413897281,0.8769083969465649,0.7764705882352941,0.987667009249743,0.7511574074074074,0.9328214971209213,0.9664031620553359,0.9657258064516129,0.85,0.974,0.819,0.919,0.858,0.961,0.649,0.972,0.978,0.958
86.24,12.13698399066925,0.8285714285714286,0.9785714285714285,0.7479747974797479,0.8132366273798731,0.7609756097560976,0.9871931696905016,0.7204161248374512,0.872791519434629,0.9446601941747573,0.969989281886388,0.812,0.959,0.831,0.897,0.78,0.925,0.554,0.988,0.973,0.905
89.41,4.975967198610306,0.8254410399257196,0.9818731117824774,0.84346035015448,0.899492385786802,0.7888482632541134,0.9846153846153847,0.7598152424942263,0.9098513011152416,0.9731343283582089,0.9749478079331941,0.889,0.975,0.819,0.886,0.863,0.96,0.658,0.979,0.978,0.934
83.44,15.38769543170929,0.8045112781954887,0.9365384615384615,0.6976942783945346,0.8130232558139535,0.7457081545064378,0.9596273291925466,0.6641414141414141,0.8284023668639053,0.9238187078109933,0.9667812142038946,0.749,0.974,0.817,0.874,0.695,0.927,0.526,0.98,0.958,0.844
88.43,6.85236257314682,0.8110599078341014,0.9848024316109423,0.8227593152064451,0.8665377176015474,0.7623318385650224,0.9855222337125129,0.7640891218872871,0.9083333333333333,0.9605911330049262,0.9739854318418314,0.88,0.972,0.817,0.896,0.85,0.953,0.583,0.981,0.975,0.936
89.78,2.9328157007694244,0.8439024390243902,0.9878296146044625,0.8508230452674898,0.8948412698412699,0.8041237113402062,0.9836734693877551,0.7395048439181916,0.9317307692307693,0.9731075697211156,0.9656218402426694,0.865,0.974,0.827,0.902,0.858,0.964,0.687,0.969,0.977,0.955
89.74,2.888598844408989,0.8378640776699029,0.9868421052631579,0.8234723569350145,0.8927165354330708,0.8296370967741935,0.9730807577268196,0.740301724137931,0.943952802359882,0.9721669980119284,0.9666329625884732,0.863,0.975,0.849,0.907,0.823,0.976,0.687,0.96,0.978,0.956
89.65,4.034117549657822,0.8229842446709916,0.9898270600203459,0.8384146341463414,0.8881322957198443,0.791743119266055,0.9827586206896551,0.7679222357229648,0.9330783938814532,0.9711442786069652,0.9733606557377049,0.888,0.973,0.825,0.913,0.863,0.969,0.632,0.976,0.976,0.95
89.58,4.20595771074295,0.8277153558052435,0.9888324873096447,0.833164812942366,0.8864970645792564,0.800187617260788,0.9827760891590679,0.7599531615925058,0.9303435114503816,0.9682539682539683,0.9732785200411099,0.884,0.974,0.824,0.906,0.853,0.97,0.649,0.975,0.976,0.947
89.66,4.041474014520645,0.8308128544423441,0.9848331648129424,0.826865671641791,0.8983903420523138,0.8020541549953315,0.9817813765182186,0.7600459242250287,0.9311663479923518,0.9721115537848606,0.973305954825462,0.879,0.974,0.831,0.893,0.859,0.97,0.662,0.974,0.976,0.948
86.0,12.95310127735138,0.8155533399800599,0.970912738214644,0.7532833020637899,0.8541247484909457,0.7196428571428571,0.9723926380368099,0.7021276595744681,0.8898999090081893,0.9479882237487733,0.972972972972973,0.818,0.968,0.803,0.849,0.806,0.951,0.561,0.978,0.966,0.9
88.79,7.277409017086029,0.8452982810920121,0.9837728194726166,0.8361169102296451,0.8570075757575758,0.7948226270373921,0.9856704196519959,0.7141350210970464,0.92018779342723,0.9644619940769991,0.9751295336787564,0.836,0.97,0.801,0.905,0.829,0.963,0.677,0.98,0.977,0.941
89.83,2.8779830783605576,0.8334919124643198,0.9878419452887538,0.8383534136546185,0.888671875,0.815028901734104,0.9768611670020121,0.7533482142857143,0.9377431906614786,0.9769769769769769,0.9675785207700102,0.876,0.975,0.835,0.91,0.846,0.971,0.675,0.964,0.976,0.955
88.34,7.732113540172577,0.8386454183266933,0.984725050916497,0.815,0.8549763033175355,0.7551020408163265,0.9806320081549439,0.7432098765432099,0.9174484052532833,0.9654150197628458,0.9740394600207685,0.842,0.967,0.815,0.902,0.851,0.962,0.602,0.978,0.977,0.938
88.8,6.336691737174988,0.8200757575757576,0.9828109201213346,0.8263052208835341,0.8790560471976401,0.7603160667251976,0.9836734693877551,0.7573062261753494,0.9227144203581527,0.9682854311199207,0.9761904761904762,0.866,0.972,0.823,0.894,0.866,0.964,0.596,0.979,0.977,0.943
89.92,3.464432507753372,0.8512315270935961,0.9878419452887538,0.8430173292558614,0.8820116054158608,0.8129770992366412,0.983756345177665,0.7443365695792881,0.9364161849710982,0.975024975024975,0.9705284552845529,0.864,0.975,0.827,0.912,0.852,0.969,0.69,0.972,0.976,0.955
87.27,10.718321919441223,0.8406708595387841,0.9807106598984772,0.7796610169491526,0.842911877394636,0.7701040681173131,0.975485188968335,0.7054794520547946,0.8965201465201466,0.9584569732937686,0.9744680851063829,0.802,0.966,0.828,0.88,0.814,0.955,0.618,0.979,0.969,0.916
87.78,9.065213739871979,0.8605150214592274,0.982706002034588,0.7923076923076923,0.851145038167939,0.7673545966228893,0.9804928131416838,0.7038251366120218,0.9074074074074074,0.9623015873015873,0.9716981132075472,0.802,0.966,0.824,0.892,0.818,0.955,0.644,0.98,0.97,0.927
89.12,6.211721122264862,0.8492462311557789,0.987792472024415,0.8206896551724138,0.8666035950804163,0.7846580406654344,0.9836567926455567,0.7464788732394366,0.9227871939736346,0.9682539682539683,0.9751809720785936,0.845,0.971,0.833,0.916,0.849,0.963,0.636,0.98,0.976,0.943
88.24,8.812793612480164,0.8381618381618382,0.9847405900305188,0.807920792079208,0.8640776699029126,0.7610062893081762,0.9805527123848515,0.7331759149940968,0.9165103189493433,0.9643211100099108,0.9699170124481328,0.839,0.968,0.816,0.89,0.847,0.958,0.621,0.977,0.973,0.935
87.28,10.746844053268433,0.8302658486707567,0.979757085020243,0.7889105058365758,0.8548864758144127,0.7570776255707763,0.9755351681957186,0.7024886877828054,0.9086672879776329,0.9583333333333334,0.9695378151260504,0.812,0.968,0.811,0.866,0.829,0.957,0.621,0.975,0.966,0.923
88.69,7.490268766880035,0.8289601554907677,0.9838056680161943,0.8143418467583498,0.8848848848848849,0.7720720720720721,0.9886246122026887,0.7402135231316725,0.9127205199628597,0.9681908548707754,0.9730010384215991,0.853,0.972,0.829,0.884,0.857,0.956,0.624,0.983,0.974,0.937
87.11,11.460981488227844,0.83640081799591,0.9856996935648621,0.7917087967644085,0.857566765578635,0.7389380530973452,0.9812889812889813,0.6928176795580111,0.9074074074074074,0.9591633466135459,0.9656964656964657,0.818,0.965,0.783,0.867,0.835,0.944,0.627,0.98,0.963,0.929
88.44,7.967040657997131,0.8254580520732884,0.9868020304568528,0.814484126984127,0.8846153846153846,0.7597864768683275,0.98559670781893,0.731995277449823,0.9183098591549296,0.967196819085487,0.96900826446281,0.856,0.972,0.821,0.874,0.854,0.958,0.62,0.978,0.973,0.938
84.54,14.562336325645447,0.8050314465408805,0.9553571428571429,0.742296918767507,0.8485158648925282,0.716390423572744,0.9496402877697842,0.6718576195773082,0.8619469026548673,0.9506545820745217,0.9625962596259626,0.768,0.963,0.795,0.829,0.778,0.924,0.604,0.974,0.944,0.875
84.7,14.22567903995514,0.8079748163693599,0.9676767676767677,0.748338081671415,0.8424242424242424,0.730732635585157,0.9643231899265478,0.6525336091003102,0.8596491228070176,0.9533941236068896,0.9617903930131004,0.77,0.958,0.788,0.834,0.768,0.919,0.631,0.98,0.941,0.881
88.88,6.746084809303284,0.8338164251207729,0.9888211382113821,0.8201798201798202,0.8862512363996043,0.785451197053407,0.9894847528916929,0.7431192660550459,0.9016544117647058,0.9710867397806581,0.9680082559339526,0.863,0.973,0.821,0.896,0.853,0.941,0.648,0.981,0.974,0.938
89.86,2.896237999200821,0.8414396887159533,0.9888211382113821,0.8429003021148036,0.8882410106899903,0.8295341922695738,0.9846938775510204,0.7365079365079366,0.9291866028708134,0.9711729622266402,0.9694189602446484,0.865,0.973,0.837,0.914,0.837,0.965,0.696,0.971,0.977,0.951
89.93,2.875801682472229,0.8447265625,0.9888211382113821,0.8435923309788093,0.882466281310212,0.8287128712871287,0.9817813765182186,0.742826780021254,0.9335260115606936,0.972139303482587,0.9694189602446484,0.865,0.973,0.836,0.916,0.837,0.97,0.699,0.969,0.977,0.951
89.94,2.861620783805847,0.8378378378378378,0.9898477157360406,0.8452982810920121,0.8923679060665362,0.8215324927255092,0.9779116465863453,0.7462039045553145,0.937015503875969,0.9702085402184707,0.9693877551020408,0.868,0.975,0.836,0.912,0.847,0.974,0.688,0.967,0.977,0.95
90.05,3.3025074899196625,0.8495049504950495,0.9878296146044625,0.8417338709677419,0.8947368421052632,0.8169685414680649,0.9827586206896551,0.7486515641855448,0.9328859060402684,0.9740518962075848,0.9713993871297242,0.858,0.974,0.835,0.918,0.857,0.969,0.694,0.973,0.976,0.951
89.98,2.852761134505272,0.841747572815534,0.9898270600203459,0.8326771653543307,0.8852459016393442,0.8377281947261663,0.978894472361809,0.7462526766595289,0.937984496124031,0.9711729622266402,0.9704383282364933,0.867,0.973,0.846,0.918,0.826,0.974,0.697,0.968,0.977,0.952
89.5,4.725060194730759,0.8383349467570184,0.9838383838383838,0.823992133726647,0.8919722497522299,0.7975746268656716,0.9856996935648621,0.7551963048498845,0.9218455743879472,0.9701492537313433,0.9762150982419855,0.866,0.974,0.838,0.9,0.855,0.965,0.654,0.979,0.975,0.944
86.13,12.433719038963318,0.842274678111588,0.9726996966632963,0.7557603686635944,0.8341369334619093,0.7628571428571429,0.9673135852911133,0.6955056179775281,0.8715432649420161,0.9492537313432836,0.9682017543859649,0.785,0.962,0.82,0.865,0.801,0.947,0.619,0.977,0.954,0.883
89.87,3.904406189918518,0.8396135265700483,0.9878296146044625,0.8326732673267326,0.8893203883495145,0.8161693936477382,0.9857288481141692,0.7533632286995515,0.9270142180094787,0.974025974025974,0.9752832131822863,0.869,0.974,0.841,0.916,0.848,0.967,0.672,0.978,0.975,0.947
88.83,6.702641785144806,0.8291505791505791,0.9848024316109423,0.8336798336798337,0.8911290322580645,0.7654867256637168,0.9846782431052093,0.7343927355278093,0.9166666666666666,0.9701195219123506,0.9750260145681582,0.859,0.972,0.802,0.884,0.865,0.964,0.647,0.979,0.974,0.937
88.66,7.272513210773468,0.8291015625,0.9848024316109423,0.8316221765913757,0.8866599799398195,0.7771739130434783,0.9806320081549439,0.7209821428571429,0.9124767225325885,0.9632936507936508,0.9780104712041885,0.849,0.972,0.81,0.884,0.858,0.962,0.646,0.98,0.971,0.934
89.77,4.0625472366809845,0.8415937803692906,0.9878296146044625,0.8358509566968781,0.8921568627450981,0.80355472404116,0.9817444219066938,0.7516778523489933,0.9310344827586207,0.975024975024975,0.9713701431492843,0.866,0.974,0.83,0.91,0.859,0.968,0.672,0.972,0.976,0.95
87.05,11.190988898277283,0.8205128205128205,0.9768378650553877,0.8076131687242798,0.8740970072239422,0.7392795883361921,0.9744376278118609,0.7081891580161477,0.8874773139745916,0.9525222551928784,0.9709051724137931,0.832,0.97,0.785,0.847,0.862,0.953,0.614,0.978,0.963,0.901
88.58,7.594421327114105,0.8285163776493256,0.9857868020304569,0.8350951374207188,0.8846918489065606,0.7418273260687342,0.9826175869120655,0.7451456310679612,0.9190207156308852,0.9709418837675351,0.9711340206185567,0.86,0.971,0.79,0.89,0.885,0.961,0.614,0.976,0.969,0.942
90.06,2.8714169561862946,0.8521825396825397,0.9898167006109979,0.8598130841121495,0.884393063583815,0.8263821532492726,0.9788519637462235,0.731404958677686,0.937015503875969,0.9760239760239761,0.9684959349593496,0.859,0.972,0.828,0.918,0.852,0.972,0.708,0.967,0.977,0.953
87.96,10.193431079387665,0.8413654618473896,0.982706002034588,0.81511746680286,0.8583899127061105,0.7672336615935542,0.9783057851239669,0.7231833910034602,0.9049815498154982,0.954679802955665,0.9666666666666667,0.838,0.966,0.798,0.885,0.857,0.947,0.627,0.981,0.969,0.928
89.71,4.773290246725082,0.8442703232125367,0.9898373983739838,0.8268268268268268,0.8928220255653884,0.7985143918291551,0.9867211440245148,0.7530864197530864,0.9278252611585945,0.9730807577268196,0.9743852459016393,0.862,0.974,0.826,0.908,0.86,0.966,0.671,0.977,0.976,0.951
88.7,7.508250176906586,0.8269598470363289,0.9897959183673469,0.812807881773399,0.8804347826086957,0.7747502270663034,0.9835390946502057,0.7503001200480192,0.9172154280338665,0.9641791044776119,0.9671120246659815,0.865,0.97,0.825,0.891,0.853,0.956,0.625,0.975,0.969,0.941
89.74,4.200966328382492,0.8325404376784015,0.9898373983739838,0.8224390243902439,0.8842815814850531,0.8119575699132112,0.9847094801223242,0.7663551401869159,0.9310344827586207,0.9740518962075848,0.9694811800610377,0.875,0.974,0.843,0.917,0.842,0.966,0.656,0.972,0.976,0.953
88.43,8.435326874256134,0.8176638176638177,0.9897330595482546,0.8331616889804325,0.8660886319845857,0.7868544600938967,0.9785056294779939,0.7222857142857143,0.9204545454545454,0.9558390578999019,0.9650205761316872,0.861,0.964,0.809,0.899,0.838,0.956,0.632,0.972,0.974,0.938
89.69,3.9532409012317657,0.8202247191011236,0.9888324873096447,0.8387423935091278,0.8833172613307618,0.8241650294695482,0.984725050916497,0.7466517857142857,0.9327569644572526,0.9731075697211156,0.9694811800610377,0.876,0.974,0.827,0.916,0.839,0.967,0.669,0.971,0.977,0.953
90.06,3.4755152761936188,0.858,0.9888324873096447,0.8341608738828202,0.88,0.8301886792452831,0.9857288481141692,0.7431289640591966,0.9330143540669856,0.9769539078156313,0.9724770642201835,0.858,0.974,0.84,0.924,0.836,0.967,0.703,0.975,0.975,0.954
86.78,11.076181173324585,0.8287179487179487,0.9766734279918864,0.7902439024390244,0.8498527968596663,0.7740384615384616,0.9723643807574207,0.6891025641025641,0.8825654923215899,0.9476284584980237,0.9696641386782232,0.808,0.963,0.81,0.866,0.805,0.95,0.645,0.977,0.959,0.895
86.57,11.809176802635193,0.8364389233954451,0.9728370221327968,0.7954319761668321,0.862,0.7633802816901408,0.9800420168067226,0.684931506849315,0.8620386643233744,0.9477317554240631,0.9628415300546448,0.808,0.967,0.801,0.862,0.813,0.933,0.65,0.981,0.961,0.881
89.79,3.662448287010193,0.8776595744680851,0.9908443540183113,0.8603411513859275,0.8628359592215014,0.8212180746561886,0.9837232960325534,0.7145612343297975,0.9303435114503816,0.9759519038076152,0.9723360655737705,0.825,0.974,0.807,0.931,0.836,0.967,0.741,0.975,0.974,0.949
90.01,2.986139088869095,0.8580121703853956,0.9888211382113821,0.8574423480083857,0.882745471877979,0.8313725490196079,0.9827411167512691,0.722,0.9343629343629344,0.977,0.9685598377281948,0.846,0.973,0.818,0.926,0.848,0.968,0.722,0.968,0.977,0.955
90.2,3.403393268585205,0.8558558558558559,0.9918533604887984,0.8410462776659959,0.8928571428571429,0.8216682646212847,0.9877551020408163,0.7481323372465315,0.9364161849710982,0.9730538922155688,0.967644084934277,0.855,0.974,0.836,0.925,0.857,0.968,0.701,0.972,0.975,0.957
89.78,4.331077754497528,0.8622087132725431,0.9878296146044625,0.8180058083252663,0.8881322957198443,0.8298507462686567,0.9877175025588536,0.7383474576271186,0.9283667621776505,0.9663366336633663,0.9674465920651069,0.851,0.974,0.845,0.913,0.834,0.965,0.697,0.972,0.976,0.951
90.18,3.376774698495865,0.8540218470705064,0.9908443540183113,0.8341511285574092,0.895609756097561,0.8302073050345509,0.9857433808553971,0.7454931071049841,0.9330143540669856,0.9740777666999003,0.9714285714285714,0.86,0.974,0.85,0.918,0.841,0.968,0.703,0.975,0.977,0.952
90.15,2.8429034054279327,0.843811394891945,0.9888324873096447,0.837573385518591,0.8900778210116731,0.839518555667001,0.978894472361809,0.7475935828877005,0.9415774099318404,0.9721669980119284,0.9685916919959473,0.859,0.974,0.856,0.915,0.837,0.974,0.699,0.967,0.978,0.956
90.08,3.3466144800186157,0.8554216867469879,0.9898373983739838,0.8346534653465346,0.8929961089494164,0.8173996175908221,0.9847560975609756,0.7464940668824164,0.9339712918660287,0.9750499001996008,0.9734151329243353,0.852,0.974,0.843,0.918,0.855,0.969,0.692,0.976,0.977,0.952
89.91,3.2508212327957153,0.8317490494296578,0.9918533604887984,0.8061224489795918,0.8938656280428432,0.8202357563850687,0.9867211440245148,0.7769784172661871,0.9330143540669856,0.9750499001996008,0.970498474059003,0.875,0.974,0.869,0.918,0.835,0.966,0.648,0.975,0.977,0.954
89.45,4.670694053173065,0.8481518481518482,0.9888211382113821,0.8107588856868396,0.8898721730580138,0.8063279002876318,0.987667009249743,0.7452513966480447,0.9261363636363636,0.9643916913946587,0.9724208375893769,0.849,0.973,0.844,0.905,0.841,0.961,0.667,0.978,0.975,0.952
89.98,3.6330992579460144,0.8513379583746283,0.9918533604887984,0.8156638013371538,0.8895348837209303,0.8257425742574257,0.986734693877551,0.7508232711306256,0.9323164918970448,0.9750499001996008,0.9744376278118609,0.859,0.974,0.854,0.918,0.834,0.967,0.684,0.978,0.977,0.953
89.41,4.923304080963135,0.8541033434650456,0.9918450560652395,0.8236453201970443,0.8715244487056567,0.810077519379845,0.9876416065911432,0.7423913043478261,0.9184629803186504,0.9635467980295567,0.9742002063983488,0.843,0.973,0.836,0.909,0.836,0.959,0.683,0.98,0.978,0.944
89.94,3.5650127828121185,0.8510427010923535,0.9908443540183113,0.840122199592668,0.8858800773694391,0.8254437869822485,0.983756345177665,0.7357512953367875,0.9321872015281757,0.9721946375372393,0.9743852459016393,0.857,0.974,0.825,0.916,0.837,0.969,0.71,0.976,0.979,0.951
89.55,4.982689291238785,0.8498498498498499,0.9918450560652395,0.8224390243902439,0.8835616438356164,0.8185404339250493,0.9877049180327869,0.7351063829787234,0.9218455743879472,0.967391304347826,0.9742002063983488,0.849,0.973,0.843,0.903,0.83,0.964,0.691,0.979,0.979,0.944
90.1,2.8719939589500427,0.8448780487804878,0.9928644240570846,0.8420523138832998,0.8887814313346228,0.837,0.9817444219066938,0.7408184679958028,0.933589990375361,0.9741293532338309,0.970498474059003,0.866,0.974,0.837,0.919,0.837,0.968,0.706,0.97,0.979,0.954
